ID,,Timestamp,,Packet,ADS1115,,,,SHT31D,,LocalTime,,,
name,instance,date,time,Number,analog0,analog1,analog2,analog3,temp,humid,Date,Time,TimeZone,
Device,1,2021/7/8,16:53:9,1,8478,3159,3149,3169,23.32,47.31,2021/7/8,8:53:9,PST,
Device,1,2021/7/8,16:55:50,2,8469,3160,3143,3167,23.33,47.33,2021/7/8,8:55:50,PST,
Device,1,2021/7/8,16:58:48,3,8466,3160,3146,3165,23.32,47.26,2021/7/8,8:58:48,PST,
Device,1,2021/7/8,17:1:54,4,8462,3160,3148,3168,23.33,47.30,2021/7/8,9:1:54,PST,
Device,1,2021/7/8,17:5:4,5,8464,3157,3147,3169,23.32,47.33,2021/7/8,9:5:4,PST,
Device,1,2021/7/8,17:7:58,6,8464,3160,3146,3168,23.33,47.34,2021/7/8,9:7:58,PST,
Device,1,2021/7/8,17:10:31,7,8472,3159,3146,3163,23.32,47.28,2021/7/8,9:10:31,PST,
Device,1,2021/7/8,17:14:54,8,8467,3161,3147,3163,23.33,47.27,2021/7/8,9:14:54,PST,
Device,1,2021/7/8,17:18:29,9,8465,3160,3148,3167,23.35,47.27,2021/7/8,9:18:29,PST,
Device,1,2021/7/8,17:23:3,10,8475,3158,3147,3164,23.35,47.28,2021/7/8,9:23:3,PST,
Device,1,2021/7/8,17:28:5,11,8486,3161,3147,3164,23.37,47.32,2021/7/8,9:28:5,PST,
Device,1,2021/7/8,17:32:26,12,8475,3156,3148,3163,23.33,47.26,2021/7/8,9:32:26,PST,
Device,1,2021/7/8,17:35:34,13,8478,3160,3147,3168,23.38,47.29,2021/7/8,9:35:34,PST,
Device,1,2021/7/8,17:38:26,14,8480,3160,3147,3167,23.38,47.27,2021/7/8,9:38:26,PST,
Device,1,2021/7/8,17:42:36,15,8476,3159,3144,3162,23.39,47.30,2021/7/8,9:42:36,PST,
Device,1,2021/7/8,17:51:53,16,8489,3156,3145,3168,23.39,47.30,2021/7/8,9:51:53,PST,
Device,1,2021/7/8,17:56:10,17,8479,3160,3147,3165,23.39,47.30,2021/7/8,9:56:10,PST,
Device,1,2021/7/8,18:0:31,18,8483,3157,3146,3163,23.39,47.37,2021/7/8,10:0:31,PST,
Device,1,2021/7/8,18:4:40,19,8487,3161,3146,3162,23.42,47.34,2021/7/8,10:4:40,PST,
Device,1,2021/7/8,18:8:0,20,8489,3158,3145,3168,23.42,47.36,2021/7/8,10:8:0,PST,
Device,1,2021/7/8,18:12:32,21,8487,3158,3145,3168,23.41,47.34,2021/7/8,10:12:32,PST,
Device,1,2021/7/8,18:15:18,22,8492,3158,3146,3162,23.42,47.39,2021/7/8,10:15:18,PST,
Device,1,2021/7/8,18:18:10,23,8490,3158,3145,3161,23.42,47.54,2021/7/8,10:18:10,PST,
Device,1,2021/7/8,18:22:16,24,8488,3159,3142,3167,23.45,47.41,2021/7/8,10:22:16,PST,
Device,1,2021/7/8,18:24:50,25,8490,3157,3147,3160,23.42,47.41,2021/7/8,10:24:50,PST,
Device,1,2021/7/8,18:29:26,26,8485,3159,3145,3160,23.45,47.45,2021/7/8,10:29:26,PST,
Device,1,2021/7/8,18:32:19,27,8491,3158,3146,3167,23.42,47.40,2021/7/8,10:32:19,PST,
Device,1,2021/7/8,18:35:36,28,8490,3160,3141,3165,23.44,47.39,2021/7/8,10:35:36,PST,
Device,1,2021/7/8,18:39:48,29,8486,3158,3145,3165,23.44,47.44,2021/7/8,10:39:48,PST,
Device,1,2021/7/8,18:44:35,30,8496,3160,3145,3165,23.48,47.41,2021/7/8,10:44:35,PST,
Device,1,2021/7/8,18:47:11,31,8495,3158,3145,3160,23.46,47.43,2021/7/8,10:47:11,PST,
Device,1,2021/7/8,18:50:19,32,8494,3157,3141,3160,23.48,47.44,2021/7/8,10:50:19,PST,
Device,1,2021/7/8,18:56:18,33,8493,3157,3146,3165,23.49,47.41,2021/7/8,10:56:18,PST,
Device,1,2021/7/8,19:0:30,34,8492,3161,3147,3161,23.49,47.44,2021/7/8,11:0:30,PST,
Device,1,2021/7/8,19:5:11,35,8494,3157,3141,3165,23.49,47.42,2021/7/8,11:5:11,PST,
Device,1,2021/7/8,19:7:48,36,8494,3154,3146,3160,23.50,47.46,2021/7/8,11:7:48,PST,
Device,1,2021/7/8,19:10:50,37,8493,3154,3145,3164,23.52,47.39,2021/7/8,11:10:50,PST,
Device,1,2021/7/8,19:13:44,38,8500,3157,3144,3164,23.55,47.38,2021/7/8,11:13:44,PST,
Device,1,2021/7/8,19:16:40,39,8495,3155,3141,3164,23.52,47.41,2021/7/8,11:16:40,PST,
Device,1,2021/7/8,19:19:18,40,8496,3153,3141,3163,23.53,47.41,2021/7/8,11:19:18,PST,
Device,1,2021/7/8,19:22:59,41,8495,3154,3145,3160,23.55,47.42,2021/7/8,11:22:59,PST,
Device,1,2021/7/8,19:26:36,42,8497,3156,3144,3164,23.52,47.37,2021/7/8,11:26:36,PST,
Device,1,2021/7/8,19:30:3,43,8493,3157,3145,3159,23.55,47.39,2021/7/8,11:30:3,PST,
Device,1,2021/7/8,19:33:54,44,8494,3155,3145,3164,23.57,47.36,2021/7/8,11:33:54,PST,
Device,1,2021/7/8,19:41:40,45,8500,3157,3144,3164,23.59,47.34,2021/7/8,11:41:40,PST,
Device,1,2021/7/8,19:44:25,46,8500,3157,3144,3160,23.60,47.38,2021/7/8,11:44:25,PST,
Device,1,2021/7/8,19:48:51,47,8493,3156,3144,3163,23.62,47.38,2021/7/8,11:48:51,PST,
Device,1,2021/7/8,19:51:24,48,8493,3153,3146,3159,23.62,47.40,2021/7/8,11:51:24,PST,
Device,1,2021/7/8,19:54:58,49,8499,3155,3144,3164,23.63,47.41,2021/7/8,11:54:58,PST,
Device,1,2021/7/8,19:57:53,50,8497,3156,3143,3164,23.65,47.36,2021/7/8,11:57:53,PST,
Device,1,2021/7/8,20:2:0,51,8497,3157,3145,3163,23.69,47.35,2021/7/8,12:2:0,PST,
Device,1,2021/7/8,20:6:25,52,8492,3157,3144,3163,23.67,47.34,2021/7/8,12:6:25,PST,
Device,1,2021/7/8,20:9:33,53,8497,3156,3145,3158,23.69,47.35,2021/7/8,12:9:33,PST,
Device,1,2021/7/8,20:13:13,54,8502,3155,3140,3164,23.72,47.28,2021/7/8,12:13:13,PST,
Device,1,2021/7/8,20:16:30,55,8504,3156,3144,3164,23.74,47.27,2021/7/8,12:16:30,PST,
Device,1,2021/7/8,20:20:13,56,8501,3154,3144,3162,23.73,47.23,2021/7/8,12:20:13,PST,
Device,1,2021/7/8,20:24:45,57,8499,3154,3143,3157,23.76,47.20,2021/7/8,12:24:45,PST,
Device,1,2021/7/8,20:29:16,58,8500,3155,3143,3161,23.80,47.21,2021/7/8,12:29:16,PST,
Device,1,2021/7/8,20:32:31,59,8499,3155,3142,3161,23.83,47.24,2021/7/8,12:32:31,PST,
Device,1,2021/7/8,20:35:2,60,8500,3155,3140,3161,23.83,47.15,2021/7/8,12:35:2,PST,
Device,1,2021/7/8,20:37:43,61,8504,3154,3143,3156,23.83,47.11,2021/7/8,12:37:43,PST,
Device,1,2021/7/8,20:41:13,62,8497,3153,3141,3155,23.85,47.17,2021/7/8,12:41:13,PST,
Device,1,2021/7/8,20:44:47,63,8503,3155,3138,3155,23.88,47.08,2021/7/8,12:44:47,PST,
Device,1,2021/7/8,20:48:39,64,8498,3153,3138,3160,23.91,47.06,2021/7/8,12:48:39,PST,
Device,1,2021/7/8,20:51:46,65,8498,3154,3136,3158,23.91,47.03,2021/7/8,12:51:46,PST,
Device,1,2021/7/8,20:56:11,66,8493,3150,3141,3158,23.93,47.02,2021/7/8,12:56:11,PST,
Device,1,2021/7/8,21:0:38,67,8493,3154,3142,3159,23.96,47.00,2021/7/8,13:0:38,PST,
Device,1,2021/7/8,21:7:19,68,8498,3151,3139,3152,24.01,47.30,2021/7/8,13:7:19,PST,
Device,1,2021/7/8,21:11:49,69,8487,3152,3139,3151,24.05,47.06,2021/7/8,13:11:49,PST,
Device,1,2021/7/8,21:15:0,70,8469,3151,3137,3152,24.08,47.18,2021/7/8,13:15:0,PST,
Device,1,2021/7/8,21:18:34,71,8478,3152,3135,3156,24.11,47.08,2021/7/8,13:18:34,PST,
Device,1,2021/7/8,21:21:51,72,8482,3150,3135,3155,24.12,46.96,2021/7/8,13:21:51,PST,
Device,1,2021/7/8,21:26:11,73,8475,3150,3135,3156,24.17,46.88,2021/7/8,13:26:11,PST,
Device,1,2021/7/8,21:31:43,74,8473,3149,3133,3155,24.21,46.92,2021/7/8,13:31:43,PST,
Device,1,2021/7/8,21:36:4,75,8471,3149,3134,3153,24.25,46.74,2021/7/8,13:36:4,PST,
Device,1,2021/7/8,21:38:58,76,8474,3145,3138,3148,24.27,46.69,2021/7/8,13:38:58,PST,
Device,1,2021/7/8,21:42:54,77,8472,3146,3138,3154,24.31,46.66,2021/7/8,13:42:54,PST,
Device,1,2021/7/8,21:46:25,78,8473,3145,3135,3153,24.34,46.61,2021/7/8,13:46:25,PST,
Device,1,2021/7/8,21:50:50,79,8481,3146,3136,3152,24.36,46.56,2021/7/8,13:50:50,PST,
Device,1,2021/7/8,21:53:36,80,8475,3143,3134,3151,24.40,47.30,2021/7/8,13:53:36,PST,
Device,1,2021/7/8,21:58:11,81,8478,3140,3130,3148,24.43,46.49,2021/7/8,13:58:11,PST,
Device,1,2021/7/8,22:0:43,82,8472,3145,3132,3150,24.46,46.57,2021/7/8,14:0:43,PST,
Device,1,2021/7/8,22:3:45,83,8475,3146,3129,3152,24.49,46.86,2021/7/8,14:3:45,PST,
Device,1,2021/7/8,22:10:49,84,8471,3144,3132,3145,24.53,46.85,2021/7/8,14:10:49,PST,
Device,1,2021/7/8,22:15:47,85,8482,3144,3132,3149,24.59,46.24,2021/7/8,14:15:47,PST,
Device,1,2021/7/8,22:22:2,86,8474,3143,3131,3142,24.64,46.21,2021/7/8,14:22:2,PST,
Device,1,2021/7/8,22:25:55,87,8469,3143,3129,3144,24.66,46.31,2021/7/8,14:25:55,PST,
Device,1,2021/7/8,22:28:46,88,8467,3143,3132,3148,24.72,46.54,2021/7/8,14:28:46,PST,
Device,1,2021/7/8,22:33:49,89,8466,3141,3131,3145,24.73,46.20,2021/7/8,14:33:49,PST,
Device,1,2021/7/8,22:40:59,90,8468,3143,3130,3145,24.81,46.08,2021/7/8,14:40:59,PST,
Device,1,2021/7/8,22:43:49,91,8468,3142,3130,3145,24.81,46.02,2021/7/8,14:43:49,PST,
Device,1,2021/7/8,22:49:8,92,8478,3140,3127,3144,24.86,45.99,2021/7/8,14:49:8,PST,
Device,1,2021/7/8,22:52:52,93,8460,3138,3129,3145,24.90,45.96,2021/7/8,14:52:52,PST,
Device,1,2021/7/8,22:56:47,94,8466,3137,3129,3140,24.90,45.79,2021/7/8,14:56:47,PST,
Device,1,2021/7/8,23:0:33,95,8467,3136,3125,3138,24.95,45.76,2021/7/8,15:0:33,PST,
Device,1,2021/7/8,23:4:7,96,8462,3138,3127,3142,24.98,45.39,2021/7/8,15:4:7,PST,
Device,1,2021/7/8,23:6:55,97,8467,3134,3128,3142,25.01,45.31,2021/7/8,15:6:55,PST,
Device,1,2021/7/8,23:10:34,98,8471,3135,3122,3140,25.03,45.19,2021/7/8,15:10:34,PST,
Device,1,2021/7/8,23:14:3,99,8473,3137,3127,3143,25.06,45.29,2021/7/8,15:14:3,PST,
Device,1,2021/7/8,23:17:49,100,8465,3135,3126,3142,25.10,45.13,2021/7/8,15:17:49,PST,
Device,1,2021/7/8,23:20:47,101,8461,3134,3121,3140,25.13,44.68,2021/7/8,15:20:47,PST,
Device,1,2021/7/8,23:24:12,102,8464,3131,3123,3140,25.15,44.57,2021/7/8,15:24:12,PST,
Device,1,2021/7/8,23:29:26,103,8469,3131,3122,3137,25.19,44.48,2021/7/8,15:29:26,PST,
Device,1,2021/7/8,23:33:17,104,8456,3134,3120,3139,25.25,44.51,2021/7/8,15:33:17,PST,
Device,1,2021/7/8,23:37:23,105,8458,3134,3122,3136,25.27,44.26,2021/7/8,15:37:23,PST,
Device,1,2021/7/8,23:41:21,106,8457,3134,3124,3139,25.31,44.13,2021/7/8,15:41:21,PST,
Device,1,2021/7/8,23:47:23,107,8472,3133,3124,3136,25.36,44.13,2021/7/8,15:47:23,PST,
Device,1,2021/7/8,23:51:38,108,8463,3129,3121,3137,25.39,44.07,2021/7/8,15:51:38,PST,
Device,1,2021/7/8,23:55:8,109,8462,3131,3117,3136,25.41,44.05,2021/7/8,15:55:8,PST,
Device,1,2021/7/8,23:59:19,110,8448,3132,3116,3137,25.45,44.20,2021/7/8,15:59:19,PST,
Device,1,2021/7/9,0:4:43,111,8453,3128,3116,3134,25.50,44.21,2021/7/8,16:4:43,PST,
Device,1,2021/7/9,0:7:54,112,8449,3130,3119,3132,25.50,44.00,2021/7/8,16:7:54,PST,
Device,1,2021/7/9,0:12:12,113,8439,3130,3116,3135,25.53,44.04,2021/7/8,16:12:12,PST,
Device,1,2021/7/9,0:17:1,114,8454,3130,3118,3132,25.59,43.95,2021/7/8,16:17:1,PST,
Device,1,2021/7/9,0:20:28,115,8444,3129,3116,3135,25.61,43.74,2021/7/8,16:20:28,PST,
Device,1,2021/7/9,0:24:28,116,8448,3129,3116,3130,25.65,43.68,2021/7/8,16:24:28,PST,
Device,1,2021/7/9,0:32:48,117,8469,3125,3113,3132,25.70,43.56,2021/7/8,16:32:48,PST,
Device,1,2021/7/9,0:38:23,118,8459,3124,3115,3133,25.76,43.65,2021/7/8,16:38:23,PST,
Device,1,2021/7/9,0:42:1,119,8447,3121,3114,3130,25.77,43.78,2021/7/8,16:42:1,PST,
Device,1,2021/7/9,0:45:56,120,8451,3124,3114,3127,25.83,43.56,2021/7/8,16:45:56,PST,
Device,1,2021/7/9,0:50:25,121,8459,3121,3114,3128,25.84,43.58,2021/7/8,16:50:25,PST,
Device,1,2021/7/9,0:54:34,122,8450,3124,3114,3128,25.87,43.66,2021/7/8,16:54:34,PST,
Device,1,2021/7/9,0:59:6,123,8443,3124,3113,3127,25.93,43.70,2021/7/8,16:59:6,PST,
Device,1,2021/7/9,1:3:20,124,8444,3120,3110,3132,25.94,43.53,2021/7/8,17:3:20,PST,
Device,1,2021/7/9,1:7:30,125,8446,3122,3114,3132,25.98,43.72,2021/7/8,17:7:30,PST,
Device,1,2021/7/9,1:10:47,126,8442,3122,3113,3127,26.00,43.60,2021/7/8,17:10:47,PST,
Device,1,2021/7/9,1:16:41,127,8453,3122,3114,3129,26.04,43.63,2021/7/8,17:16:41,PST,
Device,1,2021/7/9,1:20:6,128,8445,3117,3114,3126,26.04,43.52,2021/7/8,17:20:6,PST,
Device,1,2021/7/9,1:22:51,129,8443,3120,3113,3127,26.08,43.53,2021/7/8,17:22:51,PST,
Device,1,2021/7/9,1:26:57,130,8440,3120,3113,3129,26.09,43.38,2021/7/8,17:26:57,PST,
Device,1,2021/7/9,1:31:6,131,8446,3117,3109,3126,26.13,43.53,2021/7/8,17:31:6,PST,
Device,1,2021/7/9,1:36:28,132,8450,3120,3113,3125,26.17,43.28,2021/7/8,17:36:28,PST,
Device,1,2021/7/9,1:40:15,133,8438,3120,3108,3128,26.18,43.22,2021/7/8,17:40:15,PST,
Device,1,2021/7/9,1:43:27,134,8440,3121,3107,3127,26.20,43.29,2021/7/8,17:43:27,PST,
Device,1,2021/7/9,1:48:43,135,8443,3120,3107,3124,26.21,42.97,2021/7/8,17:48:43,PST,
Device,1,2021/7/9,1:54:50,136,8441,3119,3107,3121,26.23,42.99,2021/7/8,17:54:50,PST,
Device,1,2021/7/9,1:58:11,137,8429,3118,3106,3121,26.25,42.95,2021/7/8,17:58:11,PST,
Device,1,2021/7/9,2:4:8,138,8435,3118,3110,3122,26.30,42.75,2021/7/8,18:4:8,PST,
Device,1,2021/7/9,2:10:5,139,8440,3116,3109,3125,26.28,42.82,2021/7/8,18:10:5,PST,
Device,1,2021/7/9,2:13:13,140,8431,3118,3109,3125,26.30,42.96,2021/7/8,18:13:13,PST,
Device,1,2021/7/9,2:17:21,141,8439,3119,3110,3121,26.30,42.81,2021/7/8,18:17:21,PST,
Device,1,2021/7/9,2:23:39,142,8446,3116,3108,3125,26.30,42.73,2021/7/8,18:23:39,PST,
Device,1,2021/7/9,2:27:20,143,8438,3119,3109,3123,26.31,42.79,2021/7/8,18:27:20,PST,
Device,1,2021/7/9,2:30:30,144,8437,3115,3105,3124,26.32,42.57,2021/7/8,18:30:30,PST,
Device,1,2021/7/9,2:34:18,145,8431,3118,3109,3120,26.35,42.73,2021/7/8,18:34:18,PST,
Device,1,2021/7/9,2:40:46,146,8443,3118,3105,3119,26.34,42.72,2021/7/8,18:40:46,PST,
Device,1,2021/7/9,2:44:42,147,8424,3114,3104,3123,26.34,42.80,2021/7/8,18:44:42,PST,
Device,1,2021/7/9,2:49:4,148,8429,3118,3111,3123,26.34,42.76,2021/7/8,18:49:4,PST,
Device,1,2021/7/9,2:54:19,149,8439,3118,3105,3127,26.35,42.64,2021/7/8,18:54:19,PST,
Device,1,2021/7/9,2:57:59,150,8430,3118,3108,3122,26.35,42.66,2021/7/8,18:57:59,PST,
Device,1,2021/7/9,3:2:6,151,8427,3116,3106,3122,26.34,42.75,2021/7/8,19:2:6,PST,
Device,1,2021/7/9,3:6:12,152,8431,3118,3108,3122,26.32,42.84,2021/7/8,19:6:12,PST,
Device,1,2021/7/9,3:9:0,153,8437,3113,3104,3123,26.34,42.81,2021/7/8,19:9:0,PST,
Device,1,2021/7/9,3:17:47,154,8449,3119,3106,3122,26.30,42.91,2021/7/8,19:17:47,PST,
Device,1,2021/7/9,3:20:39,155,8444,3118,3109,3126,26.31,42.92,2021/7/8,19:20:39,PST,
Device,1,2021/7/9,3:25:33,156,8454,3118,3108,3127,26.31,43.02,2021/7/8,19:25:33,PST,
Device,1,2021/7/9,3:29:29,157,8447,3119,3108,3126,26.30,43.01,2021/7/8,19:29:29,PST,
Device,1,2021/7/9,3:35:15,158,8446,3114,3109,3122,26.30,43.11,2021/7/8,19:35:15,PST,
Device,1,2021/7/9,3:38:56,159,8448,3115,3108,3121,26.30,43.10,2021/7/8,19:38:56,PST,
Device,1,2021/7/9,3:43:26,160,8442,3115,3107,3125,26.27,43.46,2021/7/8,19:43:26,PST,
Device,1,2021/7/9,3:47:56,161,8445,3114,3107,3125,26.25,43.29,2021/7/8,19:47:56,PST,
Device,1,2021/7/9,3:50:47,162,8452,3116,3105,3126,26.23,43.35,2021/7/8,19:50:47,PST,
Device,1,2021/7/9,3:54:10,163,8450,3116,3109,3125,26.21,43.37,2021/7/8,19:54:10,PST,
Device,1,2021/7/9,3:58:45,164,8447,3118,3105,3125,26.21,43.64,2021/7/8,19:58:45,PST,
Device,1,2021/7/9,4:1:44,165,8454,3119,3105,3121,26.18,43.55,2021/7/8,20:1:44,PST,
Device,1,2021/7/9,4:4:50,166,8455,3118,3107,3121,26.17,43.59,2021/7/8,20:4:50,PST,
Device,1,2021/7/9,4:7:37,167,8447,3118,3109,3126,26.18,44.00,2021/7/8,20:7:37,PST,
Device,1,2021/7/9,4:11:0,168,8440,3115,3111,3125,26.17,43.85,2021/7/8,20:11:0,PST,
Device,1,2021/7/9,4:15:37,169,8438,3119,3109,3121,26.13,43.94,2021/7/8,20:15:37,PST,
Device,1,2021/7/9,4:21:5,170,8448,3120,3111,3127,26.09,44.52,2021/7/8,20:21:5,PST,
Device,1,2021/7/9,4:24:10,171,8438,3117,3114,3127,26.07,44.22,2021/7/8,20:24:10,PST,
Device,1,2021/7/9,4:27:10,172,8446,3119,3112,3127,26.04,44.03,2021/7/8,20:27:10,PST,
Device,1,2021/7/9,4:34:8,173,8447,3117,3110,3129,25.98,44.12,2021/7/8,20:34:8,PST,
Device,1,2021/7/9,4:40:9,174,8442,3122,3114,3130,25.96,44.42,2021/7/8,20:40:9,PST,
Device,1,2021/7/9,4:43:54,175,8448,3122,3110,3129,25.96,44.26,2021/7/8,20:43:54,PST,
Device,1,2021/7/9,4:50:24,176,8446,3119,3114,3125,25.87,45.23,2021/7/8,20:50:24,PST,
Device,1,2021/7/9,4:53:15,177,8442,3123,3110,3129,25.83,44.88,2021/7/8,20:53:15,PST,
Device,1,2021/7/9,4:56:38,178,8434,3124,3110,3126,25.81,44.74,2021/7/8,20:56:38,PST,
Device,1,2021/7/9,5:3:24,179,8429,3125,3113,3127,25.77,45.02,2021/7/8,21:3:24,PST,
Device,1,2021/7/9,5:8:29,180,8444,3124,3112,3129,25.72,45.00,2021/7/8,21:8:29,PST,
Device,1,2021/7/9,5:11:16,181,8432,3127,3111,3130,25.68,44.61,2021/7/8,21:11:16,PST,
Device,1,2021/7/9,5:14:56,182,8429,3124,3114,3131,25.63,45.03,2021/7/8,21:14:56,PST,
Device,1,2021/7/9,5:19:25,183,8421,3127,3115,3134,25.61,45.23,2021/7/8,21:19:25,PST,
Device,1,2021/7/9,5:30:0,184,8440,3129,3118,3132,25.49,45.11,2021/7/8,21:30:0,PST,
Device,1,2021/7/9,5:34:4,185,8435,3131,3115,3135,25.45,45.68,2021/7/8,21:34:4,PST,
Device,1,2021/7/9,5:37:9,186,8436,3131,3119,3135,25.42,45.18,2021/7/8,21:37:9,PST,
Device,1,2021/7/9,5:49:56,187,8443,3128,3121,3137,25.34,45.19,2021/7/8,21:49:56,PST,
Device,1,2021/7/9,5:54:27,188,8431,3132,3122,3137,25.29,45.56,2021/7/8,21:54:27,PST,
Device,1,2021/7/9,5:58:46,189,8435,3132,3124,3133,25.24,45.38,2021/7/8,21:58:46,PST,
Device,1,2021/7/9,6:1:25,190,8439,3134,3123,3137,25.24,45.48,2021/7/8,22:1:25,PST,
Device,1,2021/7/9,6:5:49,191,8435,3133,3124,3137,25.18,45.57,2021/7/8,22:5:49,PST,
Device,1,2021/7/9,6:10:7,192,8439,3134,3124,3137,25.17,45.50,2021/7/8,22:10:7,PST,
Device,1,2021/7/9,6:13:4,193,8444,3134,3122,3136,25.11,45.56,2021/7/8,22:13:4,PST,
Device,1,2021/7/9,6:17:5,194,8449,3134,3120,3139,25.10,46.48,2021/7/8,22:17:5,PST,
Device,1,2021/7/9,6:21:23,195,8453,3131,3124,3139,25.04,46.16,2021/7/8,22:21:23,PST,
Device,1,2021/7/9,6:28:17,196,8460,3134,3120,3142,25.01,46.12,2021/7/8,22:28:17,PST,
Device,1,2021/7/9,6:31:54,197,8466,3134,3120,3141,24.95,46.03,2021/7/8,22:31:54,PST,
Device,1,2021/7/9,6:34:52,198,8469,3132,3121,3141,24.94,46.83,2021/7/8,22:34:52,PST,
Device,1,2021/7/9,6:37:31,199,8469,3133,3121,3141,24.94,47.35,2021/7/8,22:37:31,PST,
Device,1,2021/7/9,6:41:30,200,8465,3134,3121,3142,24.89,46.17,2021/7/8,22:41:30,PST,
Device,1,2021/7/9,6:44:32,201,8469,3135,3124,3143,24.89,46.04,2021/7/8,22:44:32,PST,
Device,1,2021/7/9,6:48:14,202,8478,3134,3126,3138,24.86,46.14,2021/7/8,22:48:14,PST,
Device,1,2021/7/9,6:53:44,203,8476,3137,3125,3142,24.81,46.27,2021/7/8,22:53:44,PST,
Device,1,2021/7/9,6:57:33,204,8476,3139,3127,3143,24.84,47.12,2021/7/8,22:57:33,PST,
Device,1,2021/7/9,7:0:22,205,8486,3136,3126,3142,24.81,46.89,2021/7/8,23:0:22,PST,
Device,1,2021/7/9,7:4:16,206,8486,3136,3129,3140,24.79,46.71,2021/7/8,23:4:16,PST,
Device,1,2021/7/9,7:7:25,207,8483,3137,3126,3139,24.77,46.92,2021/7/8,23:7:25,PST,
Device,1,2021/7/9,7:16:22,208,8492,3141,3127,3142,24.77,46.42,2021/7/8,23:16:22,PST,
Device,1,2021/7/9,7:18:59,209,8479,3137,3133,3144,24.76,46.11,2021/7/8,23:18:59,PST,
Device,1,2021/7/9,7:28:1,210,8488,3141,3129,3144,24.76,46.79,2021/7/8,23:28:1,PST,
Device,1,2021/7/9,7:32:49,211,8464,3142,3130,3140,24.73,46.16,2021/7/8,23:32:49,PST,
Device,1,2021/7/9,7:45:18,212,8488,3139,3127,3145,24.67,46.29,2021/7/8,23:45:18,PST,
Device,1,2021/7/9,7:49:47,213,8471,3143,3128,3147,24.64,46.32,2021/7/8,23:49:47,PST,
Device,1,2021/7/9,7:53:6,214,8476,3143,3134,3147,24.63,46.38,2021/7/8,23:53:6,PST,
Device,1,2021/7/9,7:56:0,215,8480,3140,3131,3147,24.63,46.39,2021/7/8,23:56:0,PST,
Device,1,2021/7/9,8:1:47,216,8484,3143,3133,3147,24.60,46.45,2021/7/9,0:1:47,PST,
Device,1,2021/7/9,8:5:27,217,8479,3143,3129,3142,24.59,46.45,2021/7/9,0:5:27,PST,
Device,1,2021/7/9,8:8:20,218,8485,3143,3134,3142,24.56,46.45,2021/7/9,0:8:20,PST,
Device,1,2021/7/9,8:12:1,219,8489,3143,3131,3147,24.56,46.54,2021/7/9,0:12:1,PST,
Device,1,2021/7/9,8:15:3,220,8480,3144,3131,3146,24.56,46.54,2021/7/9,0:15:3,PST,
Device,1,2021/7/9,8:19:42,221,8476,3144,3129,3147,24.51,46.59,2021/7/9,0:19:42,PST,
Device,1,2021/7/9,8:22:17,222,8487,3139,3131,3149,24.52,46.84,2021/7/9,0:22:17,PST,
Device,1,2021/7/9,8:27:12,223,8481,3144,3132,3147,24.46,46.68,2021/7/9,0:27:12,PST,
Device,1,2021/7/9,8:34:18,224,8485,3141,3133,3150,24.46,46.74,2021/7/9,0:34:18,PST,
Device,1,2021/7/9,8:37:30,225,8479,3144,3134,3147,24.40,46.81,2021/7/9,0:37:30,PST,
Device,1,2021/7/9,8:40:31,226,8487,3144,3132,3145,24.39,46.83,2021/7/9,0:40:31,PST,
Device,1,2021/7/9,8:44:27,227,8475,3145,3133,3148,24.40,46.82,2021/7/9,0:44:27,PST,
Device,1,2021/7/9,8:49:18,228,8476,3145,3134,3152,24.35,46.81,2021/7/9,0:49:18,PST,
Device,1,2021/7/9,8:53:13,229,8485,3145,3134,3149,24.35,46.90,2021/7/9,0:53:13,PST,
Device,1,2021/7/9,8:56:17,230,8488,3141,3134,3151,24.35,46.90,2021/7/9,0:56:17,PST,
Device,1,2021/7/9,9:2:48,231,8485,3143,3131,3152,24.34,46.92,2021/7/9,1:2:48,PST,
Device,1,2021/7/9,9:12:4,232,8481,3148,3132,3153,24.27,46.99,2021/7/9,1:12:4,PST,
Device,1,2021/7/9,9:26:36,233,8484,3148,3135,3153,24.19,47.16,2021/7/9,1:26:36,PST,
Device,1,2021/7/9,9:31:19,234,8473,3149,3139,3154,24.15,47.20,2021/7/9,1:31:19,PST,
Device,1,2021/7/9,9:36:17,235,8477,3147,3139,3155,24.12,47.23,2021/7/9,1:36:17,PST,
Device,1,2021/7/9,9:39:11,236,8482,3147,3137,3153,24.15,47.26,2021/7/9,1:39:11,PST,
Device,1,2021/7/9,9:43:26,237,8475,3147,3134,3150,24.10,47.30,2021/7/9,1:43:26,PST,
Device,1,2021/7/9,9:49:12,238,8484,3152,3136,3154,24.11,47.33,2021/7/9,1:49:12,PST,
Device,1,2021/7/9,9:53:17,239,8479,3151,3137,3155,24.05,47.40,2021/7/9,1:53:17,PST,
Device,1,2021/7/9,9:56:27,240,8483,3150,3138,3151,24.07,47.36,2021/7/9,1:56:27,PST,
Device,1,2021/7/9,10:3:18,241,8490,3151,3140,3153,24.04,47.44,2021/7/9,2:3:18,PST,
Device,1,2021/7/9,10:11:31,242,8494,3153,3138,3151,24.00,47.46,2021/7/9,2:11:31,PST,
Device,1,2021/7/9,10:16:44,243,8499,3153,3142,3153,23.99,47.46,2021/7/9,2:16:44,PST,
Device,1,2021/7/9,10:21:38,244,8486,3150,3139,3155,23.99,47.51,2021/7/9,2:21:38,PST,
Device,1,2021/7/9,10:29:22,245,8494,3151,3140,3154,23.91,47.57,2021/7/9,2:29:22,PST,
Device,1,2021/7/9,10:33:22,246,8489,3152,3139,3152,23.94,47.57,2021/7/9,2:33:22,PST,
Device,1,2021/7/9,10:36:6,247,8495,3153,3134,3158,23.88,47.59,2021/7/9,2:36:6,PST,
Device,1,2021/7/9,10:39:29,248,8491,3154,3137,3156,23.90,47.62,2021/7/9,2:39:29,PST,
Device,1,2021/7/9,10:45:2,249,8489,3154,3138,3155,23.87,47.65,2021/7/9,2:45:2,PST,
Device,1,2021/7/9,10:51:21,250,8494,3154,3143,3156,23.85,47.68,2021/7/9,2:51:21,PST,
Device,1,2021/7/9,11:0:29,251,8488,3153,3138,3159,23.84,47.65,2021/7/9,3:0:29,PST,
Device,1,2021/7/9,11:4:50,252,8496,3155,3138,3160,23.83,47.70,2021/7/9,3:4:50,PST,
Device,1,2021/7/9,11:9:45,253,8480,3154,3141,3160,23.80,47.71,2021/7/9,3:9:45,PST,
Device,1,2021/7/9,11:14:8,254,8489,3154,3139,3156,23.76,47.73,2021/7/9,3:14:8,PST,
Device,1,2021/7/9,11:21:54,255,8511,3155,3143,3160,23.76,47.76,2021/7/9,3:21:54,PST,
Device,1,2021/7/9,11:29:32,256,8499,3154,3141,3156,23.72,47.80,2021/7/9,3:29:32,PST,
Device,1,2021/7/9,11:36:3,257,8505,3153,3143,3161,23.70,47.79,2021/7/9,3:36:3,PST,
Device,1,2021/7/9,11:44:14,258,8515,3157,3145,3161,23.65,47.83,2021/7/9,3:44:14,PST,
Device,1,2021/7/9,11:47:22,259,8504,3154,3145,3164,23.66,47.86,2021/7/9,3:47:22,PST,
Device,1,2021/7/9,11:52:6,260,8493,3153,3141,3161,23.65,47.86,2021/7/9,3:52:6,PST,
Device,1,2021/7/9,11:55:1,261,8507,3158,3140,3162,23.63,47.86,2021/7/9,3:55:1,PST,
Device,1,2021/7/9,12:6:54,262,8497,3160,3146,3163,23.56,47.90,2021/7/9,4:6:54,PST,
Device,1,2021/7/9,12:14:10,263,8493,3158,3142,3159,23.52,47.98,2021/7/9,4:14:10,PST,
Device,1,2021/7/9,12:19:0,264,8494,3161,3141,3165,23.50,48.02,2021/7/9,4:19:0,PST,
Device,1,2021/7/9,12:28:41,265,8506,3159,3146,3163,23.46,48.01,2021/7/9,4:28:41,PST,
Device,1,2021/7/9,12:32:30,266,8498,3159,3145,3166,23.44,48.07,2021/7/9,4:32:30,PST,
Device,1,2021/7/9,12:40:2,267,8501,3160,3144,3165,23.42,48.10,2021/7/9,4:40:2,PST,
Device,1,2021/7/9,12:48:49,268,8509,3160,3148,3169,23.37,48.00,2021/7/9,4:48:49,PST,
Device,1,2021/7/9,12:51:54,269,8507,3160,3144,3165,23.33,48.14,2021/7/9,4:51:54,PST,
Device,1,2021/7/9,12:58:38,270,8505,3159,3149,3168,23.32,48.20,2021/7/9,4:58:38,PST,
Device,1,2021/7/9,13:3:16,271,8493,3160,3149,3169,23.28,48.00,2021/7/9,5:3:16,PST,
Device,1,2021/7/9,13:13:29,272,8509,3161,3146,3168,23.28,47.90,2021/7/9,5:13:29,PST,
Device,1,2021/7/9,13:21:51,273,8506,3160,3150,3169,23.23,48.06,2021/7/9,5:21:51,PST,
Device,1,2021/7/9,13:33:48,274,8510,3161,3150,3168,23.17,48.22,2021/7/9,5:33:48,PST,
Device,1,2021/7/9,13:38:52,275,8508,3160,3144,3169,23.17,48.16,2021/7/9,5:38:52,PST,
Device,1,2021/7/9,13:43:44,276,8506,3160,3151,3169,23.14,48.21,2021/7/9,5:43:44,PST,
Device,1,2021/7/9,13:49:23,277,8507,3163,3151,3168,23.11,48.21,2021/7/9,5:49:23,PST,
Device,1,2021/7/9,13:58:5,278,8510,3164,3151,3171,23.08,48.22,2021/7/9,5:58:5,PST,
Device,1,2021/7/9,14:2:36,279,8507,3165,3153,3170,23.05,48.24,2021/7/9,6:2:36,PST,
Device,1,2021/7/9,14:9:7,280,8520,3165,3153,3171,23.08,48.14,2021/7/9,6:9:7,PST,
Device,1,2021/7/9,14:13:54,281,8529,3165,3151,3170,23.07,48.18,2021/7/9,6:13:54,PST,
Device,1,2021/7/9,14:27:43,282,8543,3162,3152,3171,23.15,48.05,2021/7/9,6:27:43,PST,
Device,1,2021/7/9,14:32:0,283,8525,3159,3152,3170,23.15,48.11,2021/7/9,6:32:0,PST,
Device,1,2021/7/9,14:36:37,284,8528,3162,3151,3171,23.15,47.99,2021/7/9,6:36:37,PST,
Device,1,2021/7/9,14:48:46,285,8545,3159,3151,3171,23.15,48.06,2021/7/9,6:48:46,PST,
Device,1,2021/7/9,14:52:11,286,8546,3159,3152,3170,23.15,47.99,2021/7/9,6:52:11,PST,
Device,1,2021/7/9,14:58:45,287,8549,3162,3152,3171,23.17,47.96,2021/7/9,6:58:45,PST,
Device,1,2021/7/9,15:5:58,288,8550,3163,3146,3170,23.18,47.96,2021/7/9,7:5:58,PST,
Device,1,2021/7/9,15:9:31,289,8548,3161,3151,3169,23.17,47.90,2021/7/9,7:9:31,PST,
Device,1,2021/7/9,15:14:33,290,8528,3159,3150,3169,23.19,47.82,2021/7/9,7:14:33,PST,
Device,1,2021/7/9,15:17:36,291,8553,3162,3145,3165,23.22,47.79,2021/7/9,7:17:36,PST,
Device,1,2021/7/9,15:27:42,292,8560,3162,3145,3170,23.26,47.69,2021/7/9,7:27:42,PST,
Device,1,2021/7/9,15:31:50,293,8554,3161,3146,3169,23.25,47.67,2021/7/9,7:31:50,PST,
Device,1,2021/7/9,15:34:45,294,8560,3159,3146,3168,23.26,47.65,2021/7/9,7:34:45,PST,
Device,1,2021/7/9,15:38:3,295,8556,3160,3148,3165,23.31,47.53,2021/7/9,7:38:3,PST,
Device,1,2021/7/9,15:43:6,296,8573,3160,3146,3162,23.31,47.51,2021/7/9,7:43:6,PST,
Device,1,2021/7/9,15:48:26,297,8569,3160,3147,3169,23.33,47.44,2021/7/9,7:48:26,PST,
Device,1,2021/7/9,15:51:27,298,8565,3160,3146,3167,23.35,47.41,2021/7/9,7:51:27,PST,
Device,1,2021/7/9,15:55:31,299,8561,3158,3147,3168,23.38,47.40,2021/7/9,7:55:31,PST,
Device,1,2021/7/9,16:0:33,300,8557,3160,3146,3166,23.42,47.29,2021/7/9,8:0:33,PST,
Device,1,2021/7/9,16:8:20,301,8565,3160,3146,3162,23.45,47.21,2021/7/9,8:8:20,PST,
Device,1,2021/7/9,16:11:4,302,8567,3157,3147,3162,23.46,47.15,2021/7/9,8:11:4,PST,
Device,1,2021/7/9,16:20:10,303,8569,3155,3145,3164,23.53,47.07,2021/7/9,8:20:10,PST,
Device,1,2021/7/9,16:25:10,304,8556,3159,3145,3159,23.56,47.02,2021/7/9,8:25:10,PST,
Device,1,2021/7/9,16:34:10,305,8571,3151,3145,3164,23.62,46.87,2021/7/9,8:34:10,PST,
Device,1,2021/7/9,16:39:18,306,8552,3157,3143,3162,23.67,46.82,2021/7/9,8:39:18,PST,
Device,1,2021/7/9,16:42:21,307,8558,3155,3144,3163,23.69,46.76,2021/7/9,8:42:21,PST,
Device,1,2021/7/9,16:47:10,308,8548,3151,3143,3161,23.72,46.70,2021/7/9,8:47:10,PST,
Device,1,2021/7/9,16:51:59,309,8552,3155,3142,3161,23.76,46.62,2021/7/9,8:51:59,PST,
Device,1,2021/7/9,16:54:50,310,8564,3153,3138,3159,23.74,46.63,2021/7/9,8:54:50,PST,
Device,1,2021/7/9,16:59:43,311,8552,3155,3137,3157,23.80,46.57,2021/7/9,8:59:43,PST,
Device,1,2021/7/9,17:9:38,312,8561,3155,3136,3156,23.87,46.47,2021/7/9,9:9:38,PST,
Device,1,2021/7/9,17:12:32,313,8560,3153,3138,3154,23.91,46.41,2021/7/9,9:12:32,PST,
Device,1,2021/7/9,17:15:46,314,8551,3151,3139,3154,23.91,46.41,2021/7/9,9:15:46,PST,
Device,1,2021/7/9,17:19:43,315,8547,3153,3135,3156,23.93,46.38,2021/7/9,9:19:43,PST,
Device,1,2021/7/9,17:22:53,316,8563,3153,3139,3156,23.99,46.36,2021/7/9,9:22:53,PST,
Device,1,2021/7/9,17:31:1,317,8567,3150,3143,3156,24.03,46.32,2021/7/9,9:31:1,PST,
Device,1,2021/7/9,17:36:9,318,8546,3151,3139,3154,24.08,46.19,2021/7/9,9:36:9,PST,
Device,1,2021/7/9,17:40:47,319,8548,3149,3139,3155,24.11,46.19,2021/7/9,9:40:47,PST,
Device,1,2021/7/9,17:44:44,320,8551,3150,3136,3150,24.15,46.18,2021/7/9,9:44:44,PST,
Device,1,2021/7/9,17:54:30,321,8566,3145,3134,3154,24.19,45.99,2021/7/9,9:54:30,PST,
Device,1,2021/7/9,17:58:39,322,8550,3148,3132,3150,24.24,45.97,2021/7/9,9:58:39,PST,
Device,1,2021/7/9,18:2:51,323,8549,3149,3131,3153,24.27,45.90,2021/7/9,10:2:51,PST,
Device,1,2021/7/9,18:6:26,324,8551,3147,3137,3149,24.31,45.89,2021/7/9,10:6:26,PST,
Device,1,2021/7/9,18:14:48,325,8553,3145,3131,3148,24.36,45.78,2021/7/9,10:14:48,PST,
Device,1,2021/7/9,18:18:19,326,8543,3145,3134,3147,24.39,45.69,2021/7/9,10:18:19,PST,
Device,1,2021/7/9,18:29:17,327,8549,3146,3134,3147,24.48,45.62,2021/7/9,10:29:17,PST,
Device,1,2021/7/9,18:33:57,328,8536,3140,3133,3149,24.49,45.61,2021/7/9,10:33:57,PST,
Device,1,2021/7/9,18:37:45,329,8541,3144,3129,3148,24.52,45.50,2021/7/9,10:37:45,PST,
Device,1,2021/7/9,18:41:4,330,8541,3144,3129,3145,24.53,45.51,2021/7/9,10:41:4,PST,
Device,1,2021/7/9,18:46:7,331,8532,3143,3129,3150,24.58,45.46,2021/7/9,10:46:7,PST,
Device,1,2021/7/9,18:51:12,332,8528,3145,3129,3143,24.58,45.43,2021/7/9,10:51:12,PST,
Device,1,2021/7/9,18:54:4,333,8538,3144,3131,3148,24.62,45.39,2021/7/9,10:54:4,PST,
Device,1,2021/7/9,19:0:0,334,8542,3143,3134,3146,24.63,45.40,2021/7/9,11:0:0,PST,
Device,1,2021/7/9,19:5:41,335,8544,3143,3129,3148,24.69,45.38,2021/7/9,11:5:41,PST,
Device,1,2021/7/9,19:11:41,336,8536,3143,3131,3144,24.70,45.31,2021/7/9,11:11:41,PST,
Device,1,2021/7/9,19:17:12,337,8510,3142,3128,3147,24.74,45.38,2021/7/9,11:17:12,PST,
Device,1,2021/7/9,19:25:59,338,8522,3139,3133,3145,24.79,45.23,2021/7/9,11:25:59,PST,
Device,1,2021/7/9,19:31:31,339,8513,3138,3127,3141,24.86,45.26,2021/7/9,11:31:31,PST,
Device,1,2021/7/9,19:37:19,340,8508,3140,3127,3144,24.87,45.24,2021/7/9,11:37:19,PST,
Device,1,2021/7/9,19:41:7,341,8513,3135,3124,3143,24.91,45.31,2021/7/9,11:41:7,PST,
Device,1,2021/7/9,19:46:7,342,8516,3136,3124,3140,24.90,45.36,2021/7/9,11:46:7,PST,
Device,1,2021/7/9,19:56:54,343,8532,3136,3125,3141,24.98,45.45,2021/7/9,11:56:54,PST,
Device,1,2021/7/9,20:1:5,344,8520,3135,3121,3138,25.00,45.31,2021/7/9,12:1:5,PST,
Device,1,2021/7/9,20:9:5,345,8522,3134,3125,3138,25.07,45.31,2021/7/9,12:9:5,PST,
Device,1,2021/7/9,20:13:53,346,8516,3130,3124,3142,25.10,45.17,2021/7/9,12:13:53,PST,
Device,1,2021/7/9,20:20:42,347,8505,3130,3124,3142,25.13,45.44,2021/7/9,12:20:42,PST,
Device,1,2021/7/9,20:26:9,348,8493,3132,3124,3140,25.19,45.60,2021/7/9,12:26:9,PST,
Device,1,2021/7/9,20:29:48,349,8506,3129,3125,3139,25.21,45.50,2021/7/9,12:29:48,PST,
Device,1,2021/7/9,20:35:28,350,8488,3132,3119,3140,25.25,45.26,2021/7/9,12:35:28,PST,
Device,1,2021/7/9,20:41:2,351,8494,3130,3122,3139,25.29,45.16,2021/7/9,12:41:2,PST,
Device,1,2021/7/9,20:51:4,352,8511,3133,3123,3138,25.36,45.04,2021/7/9,12:51:4,PST,
